순번,시설구분,벤처기업육성촉진지구명,주소,좌표(X),좌표(Y)
1,벤처기업육성촉진지구,영등포 벤처기업육성촉진지구,"서울특별시 영등포구 영등포동, 여의도동, 문래동 영등포동, 여의도동, 문래동",126.9025424,37.51509556
2,벤처기업육성촉진지구,홍릉.월곡 벤처기업육성촉진지구,"서울특별시 동대문구 이문동 전농동 KIST인근(이문동, 전농동)",127.0545325,37.59412266
3,벤처기업육성촉진지구,홍릉.월곡 벤처기업육성촉진지구,"서울특별시 동대문구 이문동 전농동 KIST인근(이문동, 전농동)",127.0579882,37.61142002
4,벤처기업육성촉진지구,홍릉.월곡 벤처기업육성촉진지구,"서울특별시 동대문구 이문동 전농동 KIST인근(이문동, 전농동)",127.0573549,37.58316525
5,벤처기업육성촉진지구,성동 벤처기업육성촉진지구,"서울특별시 성동구 성수동 행당동 도선동 성수동, 행당동, 도선동",127.0489791,37.55195853
6,벤처기업육성촉진지구,대연 벤처기업육성촉진지구,"부산광역시 남구 대연동, 수영구 남천동, 해운대구 우동 대연동, 남천동, 우동",129.1004908,35.13546694
7,벤처기업육성촉진지구,하단 벤처기업육성촉진지구,"부산광역시 사하구 하단동, 사상구 엄궁동 하단동, 엄궁동",128.9664051,35.11774749
8,벤처기업육성촉진지구,동대구.성서 벤처기업육성촉진지구,"대구광역시 동구 신천동, 수성구 범어동, 달서구 호산동 신천동, 범어동, 호산동, 호림동",128.6270924,35.86528748
9,벤처기업육성촉진지구,주안 벤처기업육성촉진지구,"인천광역시 남구 주안동 도화동 주안동, 도화동",126.6755959,37.46239601
10,벤처기업육성촉진지구,금남 벤처기업육성촉진지구 ,"광주광역시 동구 대인동 수기동 호남동 대인동, 수기동, 호남동",126.9222169,35.14651223
11,벤처기업육성촉진지구,첨단 벤처기업육성촉진지구,"광주광역시 북구 오룡동 대촌동 월출동 오룡동, 대촌동, 월출동",126.8526345,35.22381989
12,벤처기업육성촉진지구,첨단 벤처기업육성촉진지구,"광주광역시 북구 오룡동 대촌동 월출동 오룡동, 대촌동, 월출동",126.8396628,35.2066417
13,벤처기업육성촉진지구,대덕 벤처기업육성촉진지구,"대전광역시 유성구 어은동 전민동 신성동 어은동, 전민동, 신성동",127.3755756,36.38962516
14,벤처기업육성촉진지구,울산 벤처기업육성촉진지구,"울산광역시 중구 다운동, 남구 무거동 다운동, 무거동",129.2638809,35.55102943
15,벤처기업육성촉진지구,울산 벤처기업육성촉진지구,"울산광역시 중구 다운동, 남구 무거동 다운동, 무거동",129.2735244,35.55751581
16,벤처기업육성촉진지구,안양 벤처기업육성촉진지구,"경기도 안양시 만안구 안양동, 동안구 비산동 관양동 평촌동 호계동 안양동, 비산동, 관양동, 평촌동, 호계동",126.9569061,37.39352719
17,벤처기업육성촉진지구,안양 벤처기업육성촉진지구,"경기도 안양시 만안구 안양동, 동안구 비산동 관양동 평촌동 호계동 안양동, 비산동, 관양동, 평촌동, 호계동",126.9583554,37.38667994
18,벤처기업육성촉진지구,안양 벤처기업육성촉진지구,"경기도 안양시 만안구 안양동, 동안구 비산동 관양동 평촌동 호계동 안양동, 비산동, 관양동, 평촌동, 호계동",126.9301546,37.40411043
19,벤처기업육성촉진지구,부천 벤처기업육성촉진지구,"경기도 부천시 원미구 상동 약대동, 오정구 삼정동 오정동 상동, 약대동, 삼정동, 오정동",126.75386,37.48986745
20,벤처기업육성촉진지구,안산 벤처기업육성촉진지구,"경기도 안산시 단원구 원곡동 원시동 초지동 원곡동, 원시동, 초지동",126.7881888,37.31347832
21,벤처기업육성촉진지구,성남 벤처기업육성촉진지구,"경기도 성남시 중원구 상대원동, 분당구 야탑동 수내동 정자동 상대원동, 야탑동, 수내동, 정자동 ",127.1586334,37.43170391
22,벤처기업육성촉진지구,성남 벤처기업육성촉진지구,"경기도 성남시 중원구 상대원동, 분당구 야탑동 수내동 정자동 상대원동, 야탑동, 수내동, 정자동 ",127.1537831,37.40251734
23,벤처기업육성촉진지구,성남 벤처기업육성촉진지구,"경기도 성남시 중원구 상대원동, 분당구 야탑동 수내동 정자동 상대원동, 야탑동, 수내동, 정자동 ",127.1268741,37.41235237
24,벤처기업육성촉진지구,수원 벤처기업육성촉진지구,"경기도 수원시 권선구 고색동 서둔동, 수원시 장안구 천천동 고색동, 서둔동, 천천동",126.9847574,37.26746166
25,벤처기업육성촉진지구,수원 벤처기업육성촉진지구,"경기도 수원시 권선구 고색동 서둔동, 수원시 장안구 천천동 고색동, 서둔동, 천천동",126.9774597,37.24115002
26,벤처기업육성촉진지구,수원 벤처기업육성촉진지구,"경기도 수원시 권선구 고색동 서둔동, 수원시 장안구 천천동 고색동, 서둔동, 천천동",126.9750979,37.29441913
27,벤처기업육성촉진지구,춘천 벤처기업육성촉진지구,"강원도 춘천시 후평동 삼천동 후평동, 삼천동",127.7482783,37.88734696
28,벤처기업육성촉진지구,춘천 벤처기업육성촉진지구,"강원도 춘천시 후평동 삼천동 후평동, 삼천동",127.751228,37.87781437
29,벤처기업육성촉진지구,원주 벤처기업육성촉진지구,"강원도 원주시 태장동 흥업면 태장동, 흥업면",127.9456709,37.4051785
30,벤처기업육성촉진지구,원주 벤처기업육성촉진지구,"강원도 원주시 태장동 흥업면 태장동, 흥업면",127.9056251,37.27582006
31,벤처기업육성촉진지구,오창 벤처기업육성촉진지구,"충청북도 청주시 청원구 오창읍, 청주시 흥덕구 옥산면 오창읍, 옥산면",127.4361583,36.71440743
32,벤처기업육성촉진지구,아산 벤처기업육성촉진지구,"충청남도 아산시 탕정면 음봉면, 천안시 서북구 직산읍 탕정면, 음봉면, 직산면",127.1067529,36.85717424
33,벤처기업육성촉진지구,아산 벤처기업육성촉진지구,"충청남도 아산시 탕정면 음봉면, 천안시 서북구 직산읍 탕정면, 음봉면, 직산면",127.1592025,36.88609497
34,벤처기업육성촉진지구,전주 벤처기업육성촉진지구,"전라북도 전주시 덕진구 팔복동 장동 팔복동, 장동",127.0828132,35.85911912
35,벤처기업육성촉진지구,전주 벤처기업육성촉진지구,"전라북도 전주시 덕진구 팔복동 장동 팔복동, 장동",127.0604875,35.85123744
36,벤처기업육성촉진지구,유달 벤처기업육성촉진지구,"전라남도 목포시 석현동, 옥암동 목포시 석현동, 옥암동",126.4183586,34.81581658
37,벤처기업육성촉진지구,유달 벤처기업육성촉진지구,"전라남도 목포시 석현동, 옥암동 목포시 석현동, 옥암동",126.3894566,34.79263535
38,벤처기업육성촉진지구,유달 벤처기업육성촉진지구,"전라남도 목포시 석현동, 옥암동 목포시 석현동, 옥암동",126.3759053,34.81614708
39,벤처기업육성촉진지구,포항 벤처기업육성촉진지구,"경상북도 포항시 남구 지곡동 효자동 지곡동, 효자동",129.3147276,36.02505126
40,벤처기업육성촉진지구,포항 벤처기업육성촉진지구,"경상북도 포항시 남구 지곡동 효자동 지곡동, 효자동",129.3145561,36.03738026
41,벤처기업육성촉진지구,구미 벤처기업육성촉진지구,"경상북도 구미시 공단동 신평동 공단동, 신평동",128.382185,36.1032322
42,벤처기업육성촉진지구,창원 벤처기업육성촉진지구,경상남도 창원시 마산회원구 내서읍 내서읍,128.5149389,35.24968663
43,벤처기업육성촉진지구,창원 벤처기업육성촉진지구,경상남도 창원시 마산회원구 내서읍 내서읍,128.5046255,35.26232455
44,벤처기업육성촉진지구,제주 벤처기업육성촉진지구,"제주특별자치도 이도1동, 이도2동",126.5300264,33.49867159
45,벤처기업육성촉진지구,제주 벤처기업육성촉진지구,"제주특별자치도 이도1동, 이도2동",126.5239807,33.48254605
46,벤처기업집적시설,테크노마트21벤처연구개발단지,서울특별시 광진구 광나루로56길 85 ,127.0956923,37.53572635
47,벤처기업집적시설,에이직벤처센터,서울특별시 송파구 중대로 135 ,127.1224273,37.49509524
48,벤처기업집적시설,IT벤처타워,서울특별시 송파구 중대로 135  ,127.1224273,37.49509524
49,벤처기업집적시설,파라다이스벤처타워,서울특별시 강남구 테헤란로52길 21 ,127.0485128,37.50293341
50,벤처기업집적시설,서울대 벤처타워,서울특별시 관악구 관악로 1 ,126.959296,37.46803851
51,벤처기업집적시설,DMC산학협력연구센터,서울특별시 마포구 매봉산로37 ,126.8905992,37.57605028
52,벤처기업집적시설,중소기업글로벌지원센터,서울특별시 마포구 성암로 189 ,126.8978976,37.57675599
53,벤처기업집적시설,DMC첨단산업센터,서울특별시 마포구 성암로 330 ,126.8858947,37.5847278
54,벤처기업집적시설,MARU 180,서울특별시 강남구 역삼로 180 ,127.0388598,37.49545503
55,벤처기업집적시설,벤하이밸리,서울특별시 영등포구 여의도동 61-2 ,126.9376949,37.51850711
56,벤처기업집적시설,백양벤처빌딩,부산광역시 사상구 모라로 192번길9 ,129.0010593,35.18531252
57,벤처기업집적시설,센텀벤처빌딩,부산광역시 해운대구 우2동 1475번지  센텀벤처타운1~7층,129.130681,35.17286363
58,벤처기업집적시설,엔컴빌딩,부산광역시 사상구 광장로 54 (괘법동),128.9822827,35.16192052
59,벤처기업집적시설,인천IT타워,인천광역시 남구 도화1동 592-5 ,126.6680218,37.4646311
60,벤처기업집적시설,벤처타운다산관,대전광역시 대덕구 신일서로85길 91 ,127.4103787,36.43897737
61,벤처기업집적시설,벤처타운 종합영상관,대전광역시 유성구 도룡동 3-1 ,127.3843161,36.37736308
62,벤처기업집적시설,충남대학교 산학연교육연구관,대전광역시 유성구 대학로 99 충남대학교,127.3420001,36.36836824
63,벤처기업집적시설,벤처타운 장영실관,대전광역시 대덕구 신일동로105 ,127.4130908,36.43808488
64,벤처기업집적시설,BIT벤처빌딩,대전광역시 유성구 장동 59-5번지 ,127.3648174,36.38768674
65,벤처기업집적시설,한밭인큐베이터타운,대전광역시 유성구 동서대로 125 (덕명동),127.305105,36.34532596
66,벤처기업집적시설,대구테크노파크 대구벤처센터,대구광역시 동구 동대구로 475 ,128.6248287,35.87283723
67,벤처기업집적시설,대구테크노파크 테크노빌딩,대구광역시 북구 경대로 17길 47 ,128.6137068,35.892632
68,벤처기업집적시설,대구테크노파크 벤처공장,대구광역시 달서구 성서공단로 11길 62 ,128.4885243,35.84036349
69,벤처기업집적시설,대구테크노파크 대구지식서비스센터,대구광역시 동구 동대구로 481 ,128.6248017,35.87324851
70,벤처기업집적시설,대구소프트타운,대구광역시 남구 대명동 2139-12 ,128.5813345,35.85435315
71,벤처기업집적시설,문화산업지원센터,대구광역시 남구 대명동 2139-12 ,128.5813345,35.85435315
72,벤처기업집적시설,소프트웨어벤처타워,대구광역시 북구 산격동 505-7 ,128.6067625,35.90213661
73,벤처기업집적시설,대구벤처비지니스센터,대구광역시 동구 장등로 56 (벽산솔렌스힐2층상가 106호 외 17),128.6242311,35.87241637
74,벤처기업집적시설,울산벤처빌딩,울산광역시 남구 옥현로 129 ,129.2635057,35.54756555
75,벤처기업집적시설,전남대학교 산학협력공학관,광주광역시 북구 용봉동 300 ,126.9085689,35.17470082
76,벤처기업집적시설,상무대학 직업전문학교,광주광역시 서구 동천동 136 ,126.8553056,35.17192681
77,벤처기업집적시설,성남벤처빌딩,경기도 성남시 수정구 탄리로 57 (수진동),127.1361163,37.44109533
78,벤처기업집적시설,윈텍벤처빌딩,경기도 의왕시 벌모루앞길 14 ,126.986381,37.39191963
79,벤처기업집적시설,수원시벤처기업 지원센터,경기도 수원시 팔달구 경수대로 464 (인계동),127.0273735,37.26746308
80,벤처기업집적시설,코리아디자인센터,경기도 성남시 분당구 양현로 322 (야탑동),127.1232879,37.41319591
81,벤처기업집적시설,만안벤처센터,경기도 안양시 만안구 안양로 138번길 5 (안양동),126.9317919,37.3871073
82,벤처기업집적시설,경기창조산업 안양센터,경기도 안양시 동안구 시민대로 248번길 25 (부림동),126.9589622,37.39219801
83,벤처기업집적시설,경기중소기업 성장지원센터,경기도 수원시 권선구 수성로 8 (구운동),126.9748947,37.2814153
84,벤처기업집적시설,경기벤처연성대학교센터,경기도 안양시 만안구 안양로 111 (안양동),126.9326796,37.38441915
85,벤처기업집적시설,안양관양동 두산벤처다임,경기도 안양시 관양동 1307-37 ,126.9667725,37.40187744
86,벤처기업집적시설,한국나노기술원,경기도 수원시 영통구 광교로 109 (이의동),127.0418592,37.2932502
87,벤처기업집적시설,춘의테크노파크Ⅱ,경기도 부천시 원미구 춘의동 202 ,126.7875455,37.5015648
88,벤처기업집적시설,경기R&amp;DB센터,경기도 수원시 영통구 광교로 105 (이의동),127.0443709,37.29154092
89,벤처기업집적시설,경기바이오센터,경기도 수원시 영통구 광교로 147 (이의동),127.043335,37.29444625
90,벤처기업집적시설,(재)차세대융합기술연구원,경기도 수원시 영통구 이의동 906-5 ,127.0431302,37.29114492
91,벤처기업집적시설,안랩쏠리드 스페이스,경기도 성남시 분당구 판교역로 220 (삼평동),127.1102247,37.40042874
92,벤처기업집적시설,미래에셋벤처타워,경기도 성남시 분당구 판교역로 241번길 20 (삼평동),127.1073729,37.40276321
93,벤처기업집적시설,하남벤처센터,경기도 하남시 검단산로 239 (창우동),127.2281571,37.53605649
94,벤처기업집적시설,코리아바이오파크,경기도 성남시 분당구 대왕판교로 700 (삼평동),127.1054359,37.40354704
95,벤처기업집적시설,NPL센터,경기도 안양시 호계동 1027-19 ,126.9480368,37.37038893
96,벤처기업집적시설,판교디지털콘텐츠파크조성사업컨소시엄,경기도 성남시 분당구 판교로 242 (삼평동),127.1011019,37.40240833
97,벤처기업집적시설,판교이노밸리(5BL),경기도 성남시 분당구 판교로 255 (삼평동),127.1030463,37.40374377
98,벤처기업집적시설,판교이노밸리(6BL),경기도 성남시 분당구 판교로 253 (삼평동),127.1016093,37.40349272
99,벤처기업집적시설,유니온팁스(Union-Tips),경기도 성남시 분당구 판교로 (삼평동),127.1103469,37.40367411
100,벤처기업집적시설,유스테이션(U-Station),성남시 분당구 삼평동 672 외 5필지 ,127.1019447,37.40638246
101,벤처기업집적시설,판교세븐벤처밸리1,경기도 성남시 분당구 삼평동 625번지 ,127.1012453,37.40153962
102,벤처기업집적시설,판교세븐벤처밸리2,경기도 성남시 분당구 삼평동 633번지 ,127.1014877,37.40044017
103,벤처기업집적시설,I-PORTA 조성사업컨소시엄,경기도 성남시 분당구 판교로255번길 20 테크노밸리단지내A-2-1,127.1014577,37.4049453
104,벤처기업집적시설,프라이밍워터밸리,경기도 안양시 동안구 엘에스로 91번길 46-10 (호계동),126.9487509,37.36949182
105,벤처기업집적시설,광교비즈니스센터,경기도 수원시 영통구 광교로 107 이의동 광교도시지원시설용지 3-2블록,127.0429954,37.29224424
106,벤처기업집적시설,유니테크빌,경기도 고양시 일산동구 일산로 142 (백석동),126.7937322,37.64992427
107,벤처기업집적시설,일산테크노타운,경기도 고양시 일산동구 일산로 138 (백석동),126.795019,37.65011031
108,벤처기업집적시설,고양브로멕스타워,경기도 고양시 일산동구 장항동 731-2 ,126.7667271,37.66427523
109,벤처기업집적시설,브로멕스타워Ⅲ,경기도 고양시 일산동구 장항동 869 M-CITY빌딩,126.7710192,37.65433322
110,벤처기업집적시설,경기벤처빌딩 고양센터,"경기도 고양시 일산동구 장항동 757 757, 757-2번지",126.7674065,37.66012125
111,벤처기업집적시설,한경대학교 산학협력관(센터),경기도 안성시 중앙로 327 석정동 317,127.2605123,37.01270988
112,벤처기업집적시설,아이코닉스,경기도 성남시 분당구 판교로 255번길 64 (삼평동),127.0977115,37.40431774
113,벤처기업집적시설,씨즈타워,경기도 성남시 분당구 판교로 255번길 58 (삼평동),127.097672,37.40518996
114,벤처기업집적시설,코리아벤처타운,경기도 성남시 분당구 삼평동 676 ,127.1122039,37.40076567
115,벤처기업집적시설,한국반도체산업협회,경기도 성남시 분당구 삼평동 644 ,127.110048,37.39694015
116,벤처기업집적시설,경기북부벤처센터,경기도 의정부시 망월로 18-26 (호원동),127.0445234,37.70898055
117,벤처기업집적시설,수원시 창업지원센터,경기도 수원시 팔달구 향교로 160번지 ,127.0162633,37.27466625
118,벤처기업집적시설,판교실리콘파크,경기도 성남시 분당구 삼평동 613번지 ,127.0994881,37.40510555
119,벤처기업집적시설,SK-n 테크노파크 비즈동,경기도 성남시 중원구 사기막골로 124 (상대원동),127.1775201,37.44047997
120,벤처기업집적시설,라성아카데미벤처,경기도 시흥시 정왕동 2164-1 ,126.713397,37.3524651
121,벤처기업집적시설,광교하이니티,경기도 수원시 영통구 에듀타운로 106번길 16 (이의동),127.0466031,37.2902714
122,벤처기업집적시설,디에스벤처타운1차,경기도 시흥시 만해로 41 (정왕동),126.7457834,37.33166773
123,벤처기업집적시설,이지벤처집적시설,경기도 시흥시 정왕동 1365-16 ,126.7253117,37.3387437
124,벤처기업집적시설,델리스빌딩,경기도 성남시 중원구 사기막골로 164 (상대원동),127.177964,37.44303818
125,벤처기업집적시설,동양벤처타운,경기도 시흥시 정왕동 1365-14 ,126.7263149,37.33843247
126,벤처기업집적시설,하이테크 벤처타운,"강원도 춘천시 강원도 소양강로 32, 56 ",127.7429659,37.89218796
127,벤처기업집적시설,춘천S/W 센터,강원도 춘천시 후평동 244-40 ,127.7465817,37.88999204
128,벤처기업집적시설,창작개발센터,강원도 춘천시 서면 박사로 882 ,127.6925751,37.89497098
129,벤처기업집적시설,천안산업기술단지 번영관,충청남도 천안시 직산 삼은리 504 ,127.1603939,36.88716387
130,벤처기업집적시설,천안산업기술단지 생산관,충청남도 천안시 직산 삼은리 505 ,127.1602035,36.88625942
131,벤처기업집적시설,천안산업기술단지 성공관,충청남도 천안시 직산 삼은리 514 ,127.1585538,36.88701135
132,벤처기업집적시설,아산벤처타운,충청남도 아산시 둔포면 봉신로230번길 46-3 ,127.0541996,36.87955355
133,벤처기업집적시설,오창벤처프라자,충청북도 청주시 청원구 오창읍 각리1길 7,127.4310777,36.70656097
134,벤처기업집적시설,포항테크노파크,경상북도 포항시 남구 지곡동 601 ,129.3159016,36.03597574
135,벤처기업집적시설,금오공과대학교 벤처지원센터,경상북도 구미시 대학로 61번지 ,128.3934846,36.14631964
136,벤처기업집적시설,군산친환경자동차부품R&D센터,전라북도 군산시 산단남북로 169 (오식도동),126.5606563,35.96112891
137,벤처기업집적시설,제주벤처마루,제주특별자치도 중앙로 217호 ,126.5300004,33.50030518
138,벤처기업집적시설,(주)다흥벤처센터,부산광역시 강서구 녹산산단261로87번길 22 (송정동),128.843596,35.097056
139,벤처기업집적시설,디에스벤처타운2차,경기도 시흥시 공단1대로363번길 58 (정왕동),126.7457834,37.33166773
140,벤처기업집적시설,디에스벤처타운3차,경기도 시흥시 만해로 37 (정왕동),126.7457834,37.33166773
141,벤처기업집적시설,디에스벤처타운4차,경기도 시흥시 시화벤처로 299 (정왕동),126.7457834,37.33166773
142,벤처기업집적시설,디에스벤처타운5차,경기도 시흥시 시화벤처로 299 (정왕동),126.7457834,37.33166773
143,벤처기업집적시설,OK벤처타운,경기도 시흥시 시화벤처로 299 (정왕동),126.711798,37.318646
144,벤처기업집적시설,광양벤처타운,경기도 시흥시 군자천로 213 (정왕동),126.722273,37.334254
145,벤처기업집적시설,안양창조경제융합센터,경기도 안양시 동안구 시민대로327번길 11-41 (관양동),126.957115,37.39186
146,벤처기업집적시설,올콘텐츠/스타빌딩,"경기도 용인시 기흥구 용구대로 2257-7, 2257-9 (신갈동)",127.108188,37.244881
147,벤처기업집적시설,(주)포인트,충청남도 아산시 둔포면 봉신로230번길 42 ,127.052919,36.881574
148,벤처기업집적시설,CT IDEA HUB,대구광역시 달서구 송현로 205 대구공업대학교 학생복지회관 (본동),128.5443195,35.83407393
149,벤처기업집적시설,니트타워,인천광역시 연수구 컨벤시아대로 165 (송도동),126.6444403,37.38913512
150,벤처기업집적시설,(주)코리아실테크 벤처센터,부산광역시 강서구 녹산산업북로313번길 39 (송정동),128.8560743,35.09871495
151,벤처기업집적시설,명우빌딩,서울특별시 강남구 역삼로 169 (역삼동),127.0375435,37.49553294
152,벤처기업집적시설,해성빌딩,서울특별시 강남구 역삼로 165 (역삼동),127.037159,37.49540692
153,벤처기업집적시설,분당서울대학교병원 헬스케어혁신파크,"경기도 성남시 분당구 돌마로 172 1층일부, 4층일부 (정자동)",127.1209746,37.35421551
154,벤처기업집적시설,디에스벤처타운6차,시흥시 만해로 49 (정왕동),126.7460539,37.33040687
155,벤처기업집적시설,IGD벤처타운,시흥시 베미골길 24 (목감동),126.863496,37.38447306
156,신기술창업집적지역,벤처이노베이션 팩토리단지 (카이스트),대전광역시 유성구 문지로 193번지 ,127.3992857,36.39232385
157,신기술창업집적지역,산학융합 벤처밸리 (영진전문대),경상북도 칠곡군 지천면 송정수정길 57 (송정수정길) / 경북 칠곡군 지천면 금송로 60,128.4639181,35.94833604
158,신기술창업집적지역,HNU Science park (한남대),대전광역시 유성구 유성대로 1646 ,127.390766,36.39955777
159,신기술창업집적지역,호서벤처밸리 (호서대),충청남도 아산시 배방읍 호서로 79번길 20 ,127.0771068,36.73446194
160,신기술창업집적지역,배재대학교 산학협력관,대전광역시 유성구 테크노1로 11-3 ,127.388784,36.43222245
161,신기술창업집적지역,동국 바이오 파크 (동국대),경기도 고양시 일산동구 동국로 32 (식사동),126.8078035,37.67730538
162,신기술창업집적지역,영동 테크노밸리 (영동대),충청북도 영동군 영동읍 대학로 310 ,127.7990833,36.1958941
163,신기술창업집적지역,HISTEC (한밭대),대전광역시 유성구 동서대로 125 (덕명동),127.3053946,36.34532522
164,신기술창업집적지역,Eco-Green 테크노밸리 (전북대),"전라북도 군산시 오식도동 515, 515-5, 515-6",126.5583446,35.96299679
165,신기술창업집적지역,차세대녹색기술창업플라자 (단국대),경기도 용인시 수지구 죽전로 152 ,127.1278368,37.32068996
166,신기술창업집적지역,새만금녹색융복합 테크노밸리 (군산대),"전라북도 군산시 오식도동 515-4, 515-8, 515-10, 515-12, 515-13, 515-14",126.5609146,35.96132092
167,신기술창업집적지역,부경테크노밸리(부경대),부산광역시 남구 신선로 365 (용당동),129.088854,35.115093
168,창업보육센터,중진공(안산),경기도 안산시 단원구 연수원로 64 (원곡동),126.7989429,37.31856539
169,창업보육센터,호서대학교 벤처창업보육센터,충청남도 아산시 배방읍 호서로79번길 20 벤처창조융합관 304호,127.0770822,36.73444754
170,창업보육센터,중진공 원주 포스트BI,강원도 원주시 태장공단길 51 (태장동),127.9452219,37.40270438
171,창업보육센터,서울신기술창업센터,서울특별시 강서구 공항대로61길 29 신기술창업센터 C동 105호 (등촌동),126.8652269,37.55264861
172,창업보육센터,광주드림파크,광주광역시 광산구 하남산단천변좌로 19 (오선동),126.8121832,35.20781
173,창업보육센터,명지대창업보육센터(용인),경기도 용인시 처인구 명지로 116 명지대학교 명지대학교 창업보육센터,127.1901354,37.22177121
174,창업보육센터,연세대학교 창업지원단,서울특별시 서대문구 연세로 50 (신촌동 134) 공학원 211호,126.9429203,37.56382103
175,창업보육센터,세한대학교 창업보육센터,전라남도 영암군 삼호읍 소등로 189 204호,126.4541683,34.7770781
176,창업보육센터,경희국제캠퍼스창업보육센터(용인),"경기도 수원시 영통구 덕영대로 1731, 애지원 창업보육센터 202호 (영통동) 애지원 창업보육센터 202호",127.0801469,37.24557621
177,창업보육센터,동아대학교창업보육센터,부산광역시 사하구 낙동대로550번길 37 동아대학교 산학연구관 301호 창업보육센터 (하단동),128.9675089,35.11575598
178,창업보육센터,순천대창업보육센터,"전라남도 순천시 중앙로 255, 순천대학교 국제문화컨벤션관 310호 창업보육센터 순천대학교 창업보육센터",127.4801779,34.96950433
179,창업보육센터,순천향BIT창업보육센터,충청남도 아산시 신창면 순천향로 22 산학협력관 B311호,126.9322125,36.77000238
180,창업보육센터,안동대학교창업보육센터,경북 안동시 경동로 1375 안동대학교 창업지원센터,128.7969182,36.54230817
181,창업보육센터,전북대창업보육센터,전라북도 전주시 덕진구 백제대로 567 (금암동),127.1270006,35.84649
182,창업보육센터,제주대학교 창업보육센터,제주특별자치도 제주시 중앙로14길 21 제주대학교 창업보육센터터 2층 행정실 (삼도이동),126.5220658,33.51089377
183,창업보육센터,조선대학교창업보육센터,광주광역시 동구 필문대로 309 (서석동),126.9308907,35.14128058
184,창업보육센터,충북보건과학대학교 창업보육센터,충청북도 청주시 청원구 내수읍 덕암길 10 충북보건과학대학교내 창업보육센터,127.5519771,36.70230686
185,창업보육센터,한국국제대학교 창업보육센터,경상남도 진주시 문산읍 동부로 965 동부로 965,128.203086,35.17307417
186,창업보육센터,한남대학교창업보육센터(HNU Science Park),대전광역시 유성구 유성대로 1646 (전민동),127.3914614,36.39908148
187,창업보육센터,한림창업보육센터,"강원도 춘천시 한림대학길 1, 12105 (옥천동, 창업보육센터)",127.7392077,37.88629613
188,창업보육센터,계명대학교 창업지원단,대구광역시 남구 명덕로 104 (대명동)계명대학교 동산관 802호,128.5802533,35.85419796
189,창업보육센터,대전경제통상진흥원 창업보육센터,대전광역시 유성구 가정북로 96 대전경제통상진흥원,127.3603248,36.39255588
190,창업보육센터,경남정보대학교 창업보육센터,부산광역시 사상구 주례로 45 경남정보대학교 민석기념관 1층 창업보육센터,129.0120923,35.1474211
191,창업보육센터,인제대김해창업보육센터,경상남도 김해시 인제로 197 (어방동),128.901707,35.25065097
192,창업보육센터,건국대벤처창업지원센터,"서울특별시 광진구 능동로 120, 건국대학교 창의관 210호 (화양동) 건국대학교 창의관 210호",127.0763453,37.54297907
193,창업보육센터,경기과학기술대학교창업지원센터,경기도 시흥시 경기과기대로 270 경기과학기술대학교 제2중소기업관 경기과학기술대학교 창업보육센터,126.7360041,37.33901673
194,창업보육센터,경기창업보육센터,경기도 수원시 영통구 광교산로 154-42 (이의동) 경기대학교 창업보육센터,127.0347397,37.30108432
195,창업보육센터,경남대학교 창업보육관,경상남도 창원시 마산합포구 3·15대로 298 (서성동),128.5704624,35.20270249
196,창업보육센터,목포대학교 창업보육센터,전라남도 무안군 청계면 영산로 1666 교수회관 4층(도림리 61) 목포대학교 창업지원단,126.4374732,34.91078662
197,창업보육센터,부산대학교 중소기업창업보육센터,부산광역시 금정구 부산대학로63번길 2 부산대학교 삼성산학협동관 / 효원산학협동관 (장전동，부산대학교),129.0821737,35.23665837
198,창업보육센터,성균관대학교 창업보육센터,경기도 수원시 장안구 서부로 2066 성균관대학교 자연과학캠퍼스 산학협력센터 85261호,126.9744548,37.29532453
199,창업보육센터,연세원주창업보육센터,강원도 원주시 흥업면 연세대길 1 창업보육센터,127.9043221,37.27481188
200,창업보육센터,영남이공대학교창업보육센터,대구광역시 남구 현충로 170 영남이공대학교 창업보육센터 5층 (대명동),128.5841742,35.84764454
201,창업보육센터,영진전문대학창업보육센터,경상북도 칠곡군 지천면 금송로 60,128.462506,35.94976986
202,창업보육센터,인천대학교 송도창업보육센터,"인천광역시 연수구 갯벌로 12 (송도동) 미추홀타워 별관 A동 4,5층",126.6557853,37.38254619
203,창업보육센터,전남대학교 창업보육센터,광주 북구  용봉로 77 지앤알허브 420호,126.9111391,35.17386763
204,창업보육센터,창원대창업보육센터,경상남도 창원시 의창구 창원대학로 20 (사림동),128.6944823,35.2450185
205,창업보육센터,한국교통대학교 창업보육센터,충청북도 충주시 대소원면 대학로 50 한국교통대학교 창업보육센터,127.8728517,36.96886285
206,창업보육센터,충청대학창업보육센터,충청북도 청주시 흥덕구 강내면 월곡길 38 충청대학교 내,127.3698284,36.61871146
207,창업보육센터,포항공대창업보육센터,경상북도 포항시 남구 청암로 77 (지곡동) 포항공과대학교 창업보육센터 무은재기념관 208호,129.3137724,36.008034
208,창업보육센터,한국기계연구원신기술창업보육센터,대전광역시 유성구 가정북로 156 신기술창업보육센터,127.3564836,36.39656409
209,창업보육센터,한국전기연구원창업보육센터,경상남도 창원시 성산구 불모산로10번길 10  (성주동) (성주동),128.7182399,35.19194439
210,창업보육센터,호남대창업보육센터,광주광역시 광산구 어등대로 417 (서봉동),126.7675721,35.15055067
211,창업보육센터,홍익대벤처기업창업보육센터,세종특별자치시 조치원읍 세종로 2639 산학협력관,127.2880813,36.61976843
212,창업보육센터,동국대학교 경주캠퍼스 산학협력단,경북 경주시 동대로 123 동국대학교경주캠퍼스 산학협력단 벤처창업보육센터,129.1910549,35.86479746
213,창업보육센터,동신대학교 창업보육센터,전라남도 나주시 건재로 185  (대호동) 동신대학교 산학협력단 211호 창업보육센터,126.7160121,35.04680185
214,창업보육센터,한양대창업보육센터(안산),경기도 안산시 상록구 한양대학로 55 (사동) 창업보육센터 101호 행정실,126.834727,37.29604536
215,창업보육센터,RIST창업보육센터,"경상북도 포항시 남구 청암로 67, RIST 창업보육센터 (효자동) RIST 창업보육센터",129.3229022,36.00918867
216,창업보육센터,금오공과대학교 창업진흥센터,경상북도 구미시 대학로 61 (양호동) 벤처창업관 313호,128.3867211,36.14584847
217,창업보육센터,호원대학교창업보육센터,전라북도 군산시 임피면 호원대3길 64 호원대학교 산학협력관 209호,126.8638363,35.96787793
218,창업보육센터,강릉창업보육센터,강원도 강릉시 죽헌길 7 (지변동),128.869255,37.77003431
219,창업보육센터,경북대학교창업보육센터,대구광역시 북구 대학로 80 (산격동),128.6098976,35.89090429
220,창업보육센터,경상대창업보육센터,경상남도 진주시 진주대로 501 (가좌동),128.0980901,35.15199869
221,창업보육센터,경성대학교창업보육센터,부산광역시 남구 수영로 309 산학협력관(10관) 401호 창업보육센터 행정실,129.0989198,35.13836886
222,창업보육센터,고려대학교 벤처창업보육사업단,서울특별시 성북구 안암로 145 (안암동5가) (안암동5가),127.0264027,37.58566297
223,창업보육센터,공주대학교 창업보육센터,충청남도 공주시 공주대학로 56 공주대학교(산학연구관 214호) (신관동),127.1386153,36.4668156
224,창업보육센터,광주대학교창업보육센터,광주광역시 남구 효덕로 277 (진월동),126.895502,35.10700338
225,창업보육센터,대구대창업보육센터,경상북도 경산시 진량읍 대구대로 201 산학협력단 1108호,128.8429035,35.90455795
226,창업보육센터,대구미래대학교창업보육센터,경상북도 경산시 미래로 114 (평산동),128.7669359,35.81038871
227,창업보육센터,대원대학교창업보육센터,충청북도 제천시 대학로 316 (신월동),128.1916113,37.1763034
228,창업보육센터,한밭대학교 창업보육센터,대전광역시 유성구 동서대로 125 한밭대학교 창업보육센터(S5동 503호) (덕명동),127.3054995,36.34507262
229,창업보육센터,대진대학교 창업보육센터,경기도 포천시 호국로 1007 (선단동) 대진대학교 산학협동실습관,127.1560781,37.87076941
230,창업보육센터,동강대학교창업보육센터,광주광역시 북구 동문대로 50 (풍향동),126.9248296,35.16938138
231,창업보육센터,동서대Dream.E.Valley,부산광역시 사상구 주례로 47 동서대학교 Dream E. Valley (주례동),129.0104733,35.14159486
232,창업보육센터,동의대학교 창업보육센터,부산광역시 부산진구 엄광로 176 동의대학교 산학협력관 109호,129.0362844,35.1443178
233,창업보육센터,마산대학교 창업지원센터,경상남도 창원시 마산회원구 내서읍 함마대로 2640   함마대로 2640,128.5012401,35.26078493
234,창업보육센터,목원대학교창업진흥센터,대전광역시 서구 도안북로 88 (도안동) 목원대학교  창업진흥센터 O309호,127.3374167,36.3288016
235,창업보육센터,배화여자대학창업보육센터,서울특별시 종로구 필운대로1길 34 배화여자대학 기념관 지하1층 1102호,126.9672597,37.57957518
236,창업보육센터,부경대학교 창업보육센터,부산광역시 남구 신선로 365 산학협력관 창업보육센터 307호 (용당동),129.0927369,35.11818172
237,창업보육센터,한국생명공학연구원  바이오벤처센터,대전 유성구 과학로 125 한국생명공학연구원 벤처동(3동),127.3589922,36.37667677
238,창업보육센터,서강창업보육센터,서울특별시 마포구 백범로 35 (신수동) 서강대학교 떼이야르관 503호,126.9435981,37.55051813
239,창업보육센터,서울벤처인큐베이터,서울특별시 구로구 디지털로30길 28 (구로동) 마리오타워 8층,126.8952983,37.48213507
240,창업보육센터,서울과학기술대창업보육센터,서울특별시 노원구 공릉로 232 서울과학기술대학교 창업보육센터 (공릉동),127.0798304,37.6329769
241,창업보육센터,선문대학교 창업보육센터,충청남도 아산시 탕정면 선문로221번길 70 선문대학교 산학협력관307B 창업보육센터,127.0757706,36.8010725
242,창업보육센터,영산대학교지식창업보육센터,"부산광역시 해운대구 반송순환로 142 i동 8102호 지식창업보육센터 (반송동,영산대학교)",129.1536862,35.22352954
243,창업보육센터,순천제일대학교 창업보육센터,전라남도 순천시 제일대학길 17  (덕월동) 제일대학길 17,127.485169,34.93382592
244,창업보육센터,숭실대학교 벤처중소기업센터,서울특별시 동작구 상도로 369 (상도동),126.9572033,37.49636458
245,창업보육센터,영산대학교그린창업보육센터,경상남도 양산시 주남로 288 (주남동),129.1482073,35.42879918
246,창업보육센터,충북도립대학창업보육센터,충청북도 옥천군 옥천읍 대학길 15 금구리 창업보육센터,127.5738911,36.29879673
247,창업보육센터,우석대학교 창업보육센터,전라북도 완주군 삼례읍 삼례로 443 우석대학교 본관 7층 창업보육센터,127.0676514,35.9115724
248,창업보육센터,위덕대창업보육센터,경상북도 경주시 강동면 동해대로 261 위덕대학교 성취관 102-3호,129.2837564,36.01686955
249,창업보육센터,인천재능대학교창업진흥센터,인천광역시 동구 재능로 178 인천재능대학교 창업진흥센터 (송림동),126.6504471,37.47554206
250,창업보육센터,전주기전대학창업보육센터,전라북도 전주시 완산구 전라감영로 10 (다가동2가),127.1407857,35.81402934
251,창업보육센터,전주대학교 창업보육센터,전라북도 전주시 완산구 천잠로 303 (효자동2가),127.0888711,35.81617436
252,창업보육센터,창원문성대학 창업보육센터,경상남도 창원시 의창구 충혼로 91 벤처창업관 1층 창업보육센터,128.6602005,35.23309972
253,창업보육센터,청강문화산업대학교 창업보육센터,경기도 이천시 마장면 청강가창로 389-94 ,127.3570518,37.2045361
254,창업보육센터,청주대학교창업보육센터,충청북도 청주시 청원구 대성로 298 (내덕동),127.4957742,36.65224905
255,창업보육센터,한국산업기술대학교창업보육센터,경기도 시흥시 산기대학로 237 한국산업기술대학교 창업보육센터 (정왕동),126.7352928,37.33913227
256,창업보육센터,한국항공대학교 창업보육센터,경기도 고양시 덕양구 항공대학로 76 (화전동),126.8652018,37.59796858
257,창업보육센터,한동대 창업보육센터,경상북도 포항시 북구 흥해읍 한동로 558 한동대학교 창업보육센터 행정실,129.3857332,36.10339591
258,창업보육센터,한신대학교 창업보육센터,경기 오산시 한신대길 137 한신대학교 창업보육센터,127.0275323,37.19260944
259,창업보육센터,한국폴리텍IV 홍성대학 창업보육센터,충청남도 홍성군 홍성읍 충서로 1200 한국폴리텍대학 홍성캠퍼스 창업보육센터 1층,126.6575088,36.58284225
260,창업보육센터,국민대창업보육센터,서울특별시 성북구 정릉로 77 (정릉동),126.9976726,37.61091167
261,창업보육센터,서울시립대창업보육센터,서울특별시 서대문구 통일로 484 신지식산업센터 2-3층 (홍제동),126.9429783,37.59160771
262,창업보육센터,강남대인터넷창업보육센터,"경기도 용인시 기흥구 강남서로 20, 강남대학교 창조산학관 102호 (구갈동) 강남대학교 창조산학관 102호",127.1307819,37.27537362
263,창업보육센터,경민대학교 창업보육센터,경기 의정부시 서부로 545 경민대학교 창업보육센터 453호,127.0228226,37.74453818
264,창업보육센터,한국전력벤처기업육성센터,대전광역시 유성구 문지로 105 (문지동) 한국전력벤처기업육성센터,127.389202,36.39307357
265,창업보육센터,한국기술교육대창업보육센터,충청남도 천안시 동남구 병천면 충절로 1600 창업보육관,127.2811731,36.76509375
266,창업보육센터,동국대학교창업지원센터,"서울특별시 중구 퇴계로36길 2, 본관 820호 (필동2가) 본관 820호",126.9935883,37.56065864
267,창업보육센터,한국생산기술연구원정밀화학창업보육센터시화,경기도 안산시 상록구 항가울로 143 한국생산기술연구원안산연구센터 C동 310호,126.8416362,37.29277953
268,창업보육센터,강원도립대학 창업보육센터,강원도 강릉시 주문진읍 연주로 270 창업보육센터,128.8306749,37.87662417
269,창업보육센터,강원대학교 강원창업보육센터,강원도 춘천시 강원대학길 1 (효자동) 보듬관 301호,127.7382286,37.86906749
270,창업보육센터,경남도립거창대학디자인창업보육센터,경상남도 거창군 거창읍 거창대학로 72 창업보육센터,127.9123666,35.67321999
271,창업보육센터,건양대학교창업보육센터,충청남도 논산시 대학로 121 (내동),127.1129792,36.18329402
272,창업보육센터,경동대창업보육센터,강원도 고성군 토성면 봉포4길 46 문화관 1층,128.5565354,38.25153436
273,창업보육센터,경희창업보육센터(서울),서울특별시 동대문구 경희대로 26 경희대학교 창업보육센터(네오르네상스관 205호),127.0530723,37.59488917
274,창업보육센터,광주과학기술원 창업진흥센터,광주광역시 북구 첨단과기로 123  (오룡동) 첨단과기로 123(오룡동),126.841269,35.22777146
275,창업보육센터,구미대학교 창업보육센터,경상북도 구미시 야은로 37 (부곡동),128.289036,36.15220257
276,창업보육센터,군산대창업보육센터,전라북도 군산시 대학로 558 (미룡동) 군산대학교 창업보육센터,126.683214,35.94628591
277,창업보육센터,단국대생명공학창업보육센터,충청남도 천안시 동남구 단대로 119 (안서동) 단국대학교 생명공학창업보육센터,127.1709543,36.83877078
278,창업보육센터,수성대학교창업보육센터,대구광역시 수성구 달구벌대로528길 15 (만촌동) 창업보육센터,128.6480192,35.85260703
279,창업보육센터,부산가톨릭대학창업보육센터,부산광역시 금정구 오륜대로 57 창업보육센터 (부곡동),129.0981217,35.24496625
280,창업보육센터,한국폴리텍Ⅶ 부산대학 창업보육센터,부산광역시 북구 만덕대로155번길 99 (덕천동) 산학협력처,129.0202474,35.21937415
281,창업보육센터,삼육대학교창업보육센터,서울특별시 노원구 화랑로 815 (공릉동) 제1실습관 5층 5019호,127.1054558,37.64430919
282,창업보육센터,을지대학교 창업보육센터,경기도 성남시 수정구 산성대로 553 (양지동),127.1656533,37.46142772
283,창업보육센터,세라믹스창업보육센터,경상남도 진주시 소호로 109 (충무공동 15-3),126.8908476,37.47549962
284,창업보육센터,수원여자대학창업보육센터,경기도 화성시 봉담읍 주석로 1098 수원여자대학교 창업보육센터,126.9313944,37.20210338
285,창업보육센터,신구대학교 창업보육센터,경기 성남시 중원구 광명로 377 창업관 203호,127.1697257,37.44786621
286,창업보육센터,아주대학교 창업보육센터,경기도 수원시 영통구 월드컵로 206 아주대학교 산학협력원 211호,127.043448,37.28300663
287,창업보육센터,영남대학교 창업보육센터,경북 경산시  대학로 280 영남대학교 CRC센터 309호,128.7573387,35.83221052
288,창업보육센터,원광대학교 IT·BT창업보육센터,전라북도 익산시 익산대로 460 원광대학교 창업보육센터,126.9573169,35.96847031
289,창업보육센터,유한대학교창업보육센터,경기도 부천시 소사구 경인로 590 (괴안동),126.8204997,37.48771245
290,창업보육센터,인덕대학창업지원단,서울 노원구 초안산로  12 인덕대학교 제1공학관 4층 창업지원단,127.0542431,37.63218506
291,창업보육센터,전남과학대학교 창업보육센터,광주광역시 북구 첨단벤처소로 51 (월출동)전남과학대학교 창업보육센터,126.8639788,35.23515861
292,창업보육센터,제주국제대학교창업보육센터,제주특별자치도 제주시 516로 2870 제주국제대학교 창업보육센터,126.5693487,33.44096792
293,창업보육센터,중부대창업보육센터,충청남도 금산군 추부면 대학로 201 중부대학교 산학협력관 206호,127.4491063,36.19360768
294,창업보육센터,가톨릭관동대학교 창업보육센터,강원도 강릉시 사임당로 641-28 가톨릭관동대학교 창업보육센터 304호,128.8539027,37.79692388
295,창업보육센터,중앙대휴먼테크노창업보육센터,경기도 안성시 대덕면 서동대로 4726 서동대로 4726,127.2291272,37.0019013
296,창업보육센터,공주대학교천안창업보육센터,충남 천안시 서북구 천안대로 1223-24 공주대학교 천안캠퍼스 산학협력관 2층 207호,127.1485325,36.85034857
297,창업보육센터,충남대학교창업보육센터,대전광역시 유성구 대학로 99 충남대학교 산학연교육연구관 910호,127.3446409,36.36581934
298,창업보육센터,충북대학교창업보육센터,충청북도 청주시 서원구 충대로 1 (개신동) 학연산공동기술연구원 204호 창업보육센터,127.4571423,36.62515344
299,창업보육센터,포항대학교창업보육센터,경상북도 포항시 북구 흥해읍 신덕로 60 (양덕동) 경북 포항시 북구 흥해읍 신덕로 60 창업보육센터,129.4107307,36.0861507
300,창업보육센터,한경대학교 창업보육센터,경기도 안성시 중앙로 327 산학협력관 2층 (석정동),127.2634961,37.01221491
301,창업보육센터,생기원창업보육센터(천안),충남 천안시 서북구 입장면 양대기로길 89 한국생산기술연구원,127.2441312,36.90166596
302,창업보육센터,한국에너지기술연구원(EVIC)창업보육센터,대전광역시 유성구 가정로 152 (장동),127.3596433,36.38375351
303,창업보육센터,대구가톨릭대학교창업보육센터,경상북도 경산시 하양읍 하양로 13-13 (금락리) 대구가톨릭대학교 창업보육센터,128.8089917,35.91049842
304,창업보육센터,세종대학교벤처창업보육센터,서울특별시 광진구 군자로 121 세종대학교 새날관(행복기숙사) 205 (군자동),127.074001,37.55231041
305,창업보육센터,한국외대창업보육센터,경기도 용인시 처인구 모현면 외대로 81 창업보육센터,127.2674044,37.33917126
306,창업보육센터,김포테크노창업보육센터,"경기도 김포시 월곶면 김포대학로 97, 국제관 4층 401-1호 국제관 4층 401-1호",126.545879,37.73273015
307,창업보육센터,동서울대학교 창업보육센터,경기도 성남시 수정구 복정로 76 (복정동 ),127.1292649,37.45937377
308,창업보육센터,서원대창업보육센터,충북 청주시 서원구 무심서로 377-3(모충동) 서원대학교 창업보육센터 2관 202호,127.482512,36.62651323
309,창업보육센터,세명창업보육센터,충청북도 제천시 세명로 65 세명대학교 창업보육센터,128.1928246,37.18257118
310,창업보육센터,오산대학창업보육센터,경기도 오산시 청학로 45 (청학동),127.0621754,37.15617565
311,창업보육센터,영동대학교창업보육센터,충청북도 영동군 영동읍 대학로 310 산학협력관 3층 309호,127.7979908,36.19495335
312,창업보육센터,강원관광대학창업보육센터,강원도 태백시 대학길 97 (황지동),128.9741554,37.16171248
313,창업보육센터,남서울대학교 창업보육센터,충청남도 천안시 서북구 성환읍 대학로 91 남서울대학교 지식정보관,127.1449014,36.91062761
314,창업보육센터,동주대학교 창업보육센터,부산광역시 사하구 사리로55번길 16 창업보육센터 (괴정동),128.9982473,35.10830938
315,창업보육센터,동원과학기술대학교창업보육센터,경남 양산시 명곡로 321 동원과학기술대학교 창업보육센터 행정실 2204호,129.0679002,35.34399956
316,창업보육센터,대구보건대학교 창업보육센터,대구광역시 북구 영송로 15 (태전동),128.5440161,35.92681501
317,창업보육센터,동양대학교창업보육센터,경북 영주시 풍기읍 동양대로  145 동양대학교 창업보육센터,128.5357275,36.88045826
318,창업보육센터,한중대학교창업보육센터,강원도 동해시 지양길 200 (지흥동),129.0879488,37.50547112
319,창업보육센터,전북과학대학교창업보육센터,전라북도 정읍시 정읍사로 509 (시기동),126.8607707,35.54909516
320,창업보육센터,조선이공대학교 창업보육센터,광주광역시 동구 필문대로 309-1 본부동 2층 창업보육센터,126.929691,35.1391031
321,창업보육센터,대전대학교 창업보육센터,대전광역시 동구 대학로 62 (용운동),127.4628507,36.33452319
322,창업보육센터,광양보건대학교창업보육센터,"전라남도 광양시 광양읍 대학로 85, 창업보육센터 창업보육센터",126.845371,35.19054645
323,창업보육센터,광주보건대학창업보육센터,광주광역시 광산구 북문대로419번길 73 (신창동),126.845645,35.19080369
324,창업보육센터,한국폴리텍2대학 창업보육센터,인천광역시 부평구 무네미로448번길 56 한국폴리텍 대학 인천캠퍼스 하이테크관 (구산동),126.7554939,37.47857447
325,창업보육센터,수원대창업보육센터,경기도 화성시 봉담읍 와우안길 17 수원대학교 첨단 402호,126.9797503,37.20955969
326,창업보육센터,IAE창업보육센터,경기도 용인시 처인구 백암면 고안로51번길 175-28 ,127.4145436,37.1473147
327,창업보육센터,강릉영동대학창업보육센터,강원 강릉시 공제로 357 강릉영동대학 창업보육센터 강릉영동대학교 창업보육센터,128.8536401,37.74755717
328,창업보육센터,서울대학교농생명과학창업지원센터,경기도 수원시 권선구 서호로 89 (서둔동),126.9870685,37.26816024
329,창업보육센터,경남과학기술대학교창업보육센터,경상남도 진주시 동진로 33 산학협력관 창업보육센터 3층 305호 (칠암동),128.097074,35.17949763
330,창업보육센터,문경대학 창업보육센터,경상북도 문경시 호계면 대학길 161 문경대학교 창업보육센터,128.1732214,36.65753635
331,창업보육센터,백석대학교창업보육센터,충청남도 천안시 동남구 문암로 76 백석대학교 창업보육센터,127.183706,36.84086936
332,창업보육센터,한국해양대학교 해양벤처진흥센터,부산광역시 영도구 태종로 727 (동삼동),129.0892073,35.07637003
333,창업보육센터,동명대학교창업보육센터,부산광역시 남구 신선로 428 (용당동) 산학협력관 327호,129.1032635,35.12171673
334,창업보육센터,용인송담대학창업보육센터,경기도 용인시 처인구 동부로 61 (마평동),127.2159058,37.22845335
335,창업보육센터,동원대학교창업보육센터,경기도 광주시 곤지암읍 경충대로 26 경충대로 26,127.4039066,37.32897182
336,창업보육센터,안양대학교 창업보육센터,"경기도 안양시 만안구 안양로 311, 롯데시네마안양일번가쇼핑몰 15층 (안양동) 롯데시네마안양일번가쇼핑몰 15층",126.9195742,37.3911335
337,창업보육센터,광주시동구창업보육센터,광주광역시 동구 백서로 173 (서석동),126.9231484,35.14491516
338,창업보육센터,성북구한성대벤처창업지원센터_SHBI,서울특별시 성북구 화랑로 221 성북구 장위2동 65-154 성북구 한성대 벤처창업지원센터,127.0530119,37.60939739
339,창업보육센터,한서대학교항공해양창업보육센터,충청남도 태안군 남면 곰섬로 236-49 창업보육센터 2관,126.2932883,36.59575194
340,창업보육센터,한라대학교창업보육센터,강원도 원주시 흥업면 한라대길 28 창업보육센터,127.9075651,37.3045068
341,창업보육센터,연성대학교창업보육센터,경기도 안양시 만안구 양화로37번길 34 10호관(산학협력관) 창업보육센터,126.9067558,37.39673295
342,창업보육센터,신라대학교 창업보육센터,부산광역시 사상구 백양대로700번길 140  신라대학교 공학관 204호 창업보육센터,128.9979607,35.16626427
343,창업보육센터,한국농수산대학창업보육센터,전라북도 전주시 완산구 콩쥐팥쥐로 1515 (중동) 한국농수산대학 창업보육센터,126.9691696,37.22929489
344,창업보육센터,전주비전대학교창업보육센터,전라북도 전주시 완산구 천잠로 235 실습동212호 (효자동2가),127.092316,35.80974577
345,창업보육센터,춘천시창업보육센터,강원도 춘천시 소양강로 32 바이오타운 BIO-1동 112호 (후평동),127.7433774,37.89229257
346,창업보육센터,대경대학창업보육센터,경상북도 경산시 자인면 단북1길 65 대경대학 창업보육센터,128.8213964,35.83428426
347,창업보육센터,송원대학교창업보육센터,광주광역시 남구 송암로 73 청솔관 2층,126.8669082,35.16683032
348,창업보육센터,백제예술대학교창업보육센터,전라북도 완주군 봉동읍 백제대학로 171 백제예술대학교 창업보육센터,127.1283482,35.99558152
349,창업보육센터,제주관광대학창업보육센터,제주특별자치도 제주시 애월읍 평화로 2715 창업보육센터,126.4342284,33.44747331
350,창업보육센터,경북과학대학교창업보육센터,경상북도 칠곡군 기산면 지산로 634 산학협력관 101호,128.3468615,35.98368698
351,창업보육센터,안산대학교 창업보육센터,경기도 안산시 상록구 안산대학로 155 창업보육센터 (일동),126.8741556,37.30990672
352,창업보육센터,한국폴리텍VI대학창업보육센터,대구광역시 서구 국채보상로43길 15 산학협력관 405호,128.5534319,35.87402614
353,창업보육센터,호서대학교 중국(weihai)창업보육센터,중국 산동성 위해시 위해경제기술개발구 중국 산동성 위해시 경제기술개발구 해남로 11호,122.1013107,37.50730772
354,창업보육센터,삼척창업보육센터,강원 삼척시 중앙로 346 강원대학교 삼척창업보육센터 별관 행정실,129.1589999,37.45143099
355,창업보육센터,인천정보산업진흥원,인천광역시 남구 경인로 229 (도화동) 인천IT타워,126.6679368,37.46457094
356,창업보육센터,홍릉벤처밸리창업보육센터,서울특별시 성북구 화랑로14길 5 (하월곡동) 화랑로14길 5 (하월곡동),126.6679368,37.46457094
357,창업보육센터,울산대학교 창업보육센터,울산광역시 남구 대학로 93(무거동) 울산대학교 산학협동관 505호,129.2528967,35.54503587
358,창업보육센터,경상남도창업보육센터(GNBI),경상남도 창원시 마산회원구 봉암북7길 21 (봉암동),128.5986963,35.22419684
359,창업보육센터,인천대학교 제물포창업보육센터,인천광역시 남구 석정로 165 (도화동) 인천대학교 제물포 캠퍼스 창업보육센터 102호,126.6583207,37.47069065
360,창업보육센터,지식집약형 신발창업보육센터,부산광역시 부산진구 당감서로 152 (당감동),129.0300868,35.17195701
361,창업보육센터,경일대학교창업보육센터,경상북도 경산시 하양읍 가마실길 50 경일대학교 RNDB센터 210호 행정실,128.8002226,35.91017068
362,창업보육센터,안동과학대학 창업보육센터,경상북도 안동시 서후면 서선길 189 서선길 189,128.6546576,36.59018983
363,창업보육센터,경운대학교창업보육센터,경상북도 구미시 산동면 강동로 730 경운대학교 창업보육센터,128.4676428,36.16786702
364,창업보육센터,경북도립대학교창업보육센터,경상북도 예천군 예천읍 도립대학길 114 경북도립대학교 창업보육센터,128.4552647,36.64191727
365,창업보육센터,목포해양대학교 창업보육센터,전라남도 목포시 해양대학로 91 목포해양대학교 창업보육센터,126.3657903,34.79218532
366,창업보육센터,가천대학교 창업보육센터,경기도 성남시 수정구 성남대로 1342 (복정동),127.1271655,37.45110475
367,창업보육센터,가톨릭대학교 창업보육센터,경기도 부천시 원미구 지봉로 43 (역곡동),126.8042508,37.48579453
368,창업보육센터,부산대학교 밀양캠퍼스 창업보육센터,경상남도 밀양시 삼랑진읍 삼랑진로 1268-50,128.8079129,35.45463628
369,창업보육센터,서울국방벤처센터,서울특별시 성북구 오패산로 21 (하월곡동),127.0366554,37.60439185
370,창업보육센터,제주한라대학교창업보육센터,제주특별자치도 제주시 한라대학로 38 하이테크센터 1층,126.4750488,33.47694115
371,창업보육센터,상지대학교 창업보육센터,강원도 원주시 상지대길 83 벤처창업관 2층 행정실 (우산동),127.9266619,37.37118143
372,창업보육센터,충남신기술창업보육센터,충청남도 아산시 염치읍 은행나무길 223 충청남도경제진흥원 3층,127.0114573,36.79964529
373,창업보육센터,한국승강기대학교 창업보육센터,경상남도 거창군 거창읍 운정1길 120 한국승강기대학교 창업보육센터,127.89621,35.67516185
374,창업보육센터,부산이노비즈센터,부산광역시 북구 만덕3로16번길 1 (만덕동),129.0256584,35.21174549
375,창업보육센터,구미시창업보육센터,경상북도 구미시 1공단로 144 구미시 창업보육센터 행정지원실 (공단동),128.3790313,36.10132209
376,창업보육센터,환경벤처센터ETBI,"인천광역시 서구 정서진로 410, 환경산업연구단지 환경벤처센터 (경서동) 환경산업연구단지 환경벤처센터",126.9342663,37.60991582
377,창업보육센터,전남대 여수창업보육센터,전라남도 여수시 대학로 50 (둔덕동),127.7004462,34.77570978
378,창업보육센터,KAIST 창업보육센터,대전광역시 유성구 문지로 193 KAIST 문지캠퍼스 학부동 F621호 창업보육센터 (문지동),127.3957995,36.39119097
379,창업보육센터,인하대학교창업지원센터,인천광역시 남구 인하로 100 (용현동),126.6534257,37.44989464
380,창업보육센터,배재대학교 창업보육센터,대전광역시 유성구 테크노1로 11-3 (관평동),127.388664,36.4321904
381,창업보육센터,한양대학교 창업보육센터,"서울특별시 성동구 왕십리로 222, HIT 504호 (사근동) HIT 504호",127.0452707,37.55768135
382,창업보육센터,대구드림파크,대구광역시 달서구 성서공단북로 235 (신당동),128.4987382,35.84534789
383,창업보육센터,한국여성경제인협회 창업보육센터,부산광역시 동구 중앙대로296번길 3-3 (초량동),129.0445536,35.12313848
384,창업보육센터,대구한의대학교 한방바이오창업보육센터,경상북도 경산시 어봉지길 285-10 (여천동) 대구한의대학교 오성캠퍼스 미래관,128.7730464,35.79911575
385,창업보육센터,경기벤처창업보육센터,경기도 수원시 영통구 광교로 107 (이의동),127.0429565,37.29116571
386,창업보육센터,한국광기술원 신기술창업센터,광주광역시 북구 첨단벤처로108번길 9 (월출동),126.8592984,35.23223289
387,창업보육센터,로봇창업보육센터,경상남도 창원시 마산회원구 내서읍 광려천남로 59,128.5112264,35.24633087
388,창업보육센터,대구경북중소기업청경북대학교중소기업성장지원센터,대구광역시 달서구 중흥로 20 중소기업성장지원센터 (송현동),128.5551469,35.83188866
389,창업보육센터,한국생산기술연구원 부산창업보육센터,부산광역시 강서구 과학산단1로60번길 30 (지사동) 부산창업보육센터,128.8274512,35.14657151
390,창업보육센터,농축산바이오창업보육센터(농축산바이오특화),충청남도 논산시 대학로 121 건양대학교 내 충남TP 바이오센터 (내동),127.1129792,36.18330754
391,창업보육센터,대구공업대학교 창업보육센터,대구광역시 달서구 송현로 205 대구공업대학교 창업보육센터 403호,128.5417648,35.83558914
392,창업보육센터,한국생산기술연구원 광주창업보육센터,광주광역시 북구 첨단과기로208번길 6 (오룡동),126.8476361,35.22557359
393,창업보육센터,경기여성창업보육센터,경기도 용인시 기흥구 용구대로 2311 (마북동),127.1079631,37.2928002
394,창업보육센터,신성대학교 창업보육센터,"충청남도 당진시 정미면 대학로 1, 산학협력관 4층 창업보육센터",126.6287198,36.893772
395,창업보육센터,연세장애인창업보육센터,강원도 원주시 흥업면 연세대길 1  연세 장애인창업보육센터,127.9041077,37.27526852
396,창업보육센터,단국대학교 디자인공예창업보육센터,"경기도 용인시 수지구 죽전로 152 글로컬 산학협력관 212호 (죽전동, 단국대학교)",127.1249819,37.32206483
397,창업보육센터,마포비즈니스센터,서울특별시 마포구 매봉산로 18 (상암동),126.8899227,37.57416748
398,창업보육센터,희망전북 POST-BI,전라북도 전주시 덕진구 상리1길 34 (팔복동2가),127.10056,35.85218169
399,창업보육센터,충북지방중소기업청 Green Post-BI,충청북도 청주시 흥덕구 가로수로 1251 충북대학교G-테크벤처센터 107호 행정지원실,127.4325433,36.63552268
400,창업보육센터,백석문화대학 창업보육센터,충청남도 천안시 동남구 청수14로 96 백석문화센터 내 창업보육센터 709호,127.1568541,36.78532736
401,창업보육센터,나노융합의료부품소재창업보육센터,"전라남도 장성군 남면 나노산단로 123, 나노바이오연구센터 나노바이오연구센터",126.8333289,35.2402512
402,창업보육센터,남부대학교 창업보육센터,광주광역시 광산구 첨단중앙로 23 남부대 창업보육센터,126.8413251,35.20742356
403,창업보육센터,이천분원 창업보육센터,경기도 이천시 신둔면 경충대로 3321 경충로 30 한국세라믹기술원 이천분원 창업보육센터,127.3950351,37.32194673
404,창업보육센터,동국대학교 BT 창업지원센터,경기도 고양시 일산동구 동국로 32 동국대학교 산학협력관 창업지원센터 (식사동),126.8076709,37.67729706
405,창업보육센터,바이오소재실용화창업보육센터,전라남도 화순군 화순읍 산단길 12-55 생물의약연구센터 바이오소재실용화 창업보육센터,126.9628501,35.03258931
406,창업보육센터,숙명여대창업보육센터,서울특별시 용산구 청파로47길 90 숙명여자대학교 창업보육센터 (청파동2가),126.965368,37.5452782
407,창업보육센터,서울시창업지원센터,서울특별시 구로구 디지털로26길 72 (구로동),126.896103,37.48071219
408,창업보육센터,해양레저산업 창업보육센터,부산광역시 강서구 녹산산단232로 38-6 (송정동),128.8421413,35.08622946
409,창업보육센터,전자부품연구원 창업보육센터,경기도 성남시 분당구 새나리로 25 (야탑동),127.160828,37.40388427
410,창업보육센터,에코인쇄전자창업보육센터,전라북도 전주시 덕진구 반룡로 111 (팔복동2가) 전자부품연구원,127.0822706,35.85899332
411,창업보육센터,경기중소기업성장지원센터,경기도 수원시 권선구 수성로 8 (구운동),126.9748259,37.28144411
412,창업보육센터,건국대학교 i-SMART창업보육센터,충청북도 충주시 충원대로 268 (단월동),127.9078895,36.94961933
413,창업보육센터,바이오융합창업보육센터,전라남도 곡성군 입면 입면로 437,127.1828482,35.30361243
414,창업보육센터,고려대학교신수종BT융합산업창업보육센터,충청북도 청주시 흥덕구 오송읍 오송생명2로 125 고려대학교 의생명공학연구원(BT융합 창업보육센터),127.3228689,36.64018231
415,창업보육센터,해양바이오산업지원센터,강원도 강릉시 사임당로 641-22 (대전동),128.8549775,37.79632141
416,창업보육센터,섬유패션비즈니스센터,경기도 양주시 남면 검준길 170,126.9990113,37.86719698
417,창업보육센터,춘천창업보육센터,강원도 춘천시 동면 장학길 48 한림성심대학교 산학관 1층 창업보육센터,127.6919533,37.89302953
418,창업보육센터,연구원특화 창업지원센터,대전광역시 유성구 가정로 218 한국전자통신연구원 융합기술연구생산센터 3층,127.3651969,36.38268229
419,창업보육센터,투썬창업보육센터,"경기도 성남시 분당구 판교로 323 벤처포럼빌딩 1, 2층 (삼평동)",127.110042,37.40365637
420,창업보육센터,스마트세계로누림터,"서울특별시 금천구 벚꽃로 234, 에이스하이엔드타워6 20층 2002호 (가산동) 에이스하이엔드타워6 20층 2002호",126.8862823,37.47608322
421,창업보육센터,수원시 시니어창업보육센터,경기도 수원시 팔달구 향교로 160 제일빌딩 수원시지속가능도시재단 창업지원센터 창업관,127.0162532,37.27466985
422,창업보육센터,호서대학교 시니어특화창업보육센터,서울 서초구 남부순환로 2497 호서빌딩,127.0235175,37.48357343
423,창업보육센터,(재)장애인기업종합지원센터,서울특별시 영등포구 당산로10길 25-4 (당산동1가),126.9098126,37.52691799
424,창업보육센터,KTB인큐베이팅센터,경기도 성남시 분당구 대왕판교로 670 유스페이스 2A동 10층,127.1061488,37.40208314
425,창업보육센터,탄소융합부품소재창업보육센터,전라북도 전주시 덕진구 원만성로 106 (재)한국탄소융합기술원 창업보육센터 (팔복동2가),127.0895431,35.85785704
426,창업보육센터,덴탈메디케어 창업보육센터,서울특별시 종로구 대학로 101 (연건동),126.9974132,37.57802547
427,창업보육센터,이화여자대학교 창업보육센터,"서울특별시 서대문구 북아현로 150, 이화여자대학교 산학협력관 522호 (신촌동) 이화여자대학교 산학협력관 522호",126.9476293,37.56308439
428,창업보육센터,글로벌벤처센터,서울특별시 강남구 도곡로 112 서한빌딩 2층 (도곡동),127.0328169,37.48966203
429,창업보육센터,청운대학교 창업보육센터,충청남도 홍성군 홍성읍 대학길 25 청운대학교 창업보육센터,126.6631529,36.58123628
430,창업보육센터,씨씨브이씨 밸류업센터(주),서울특별시 강남구 삼성로86길 11 (대치동),127.0583249,37.5059041
431,창업보육센터,서울융합벤처센터,서울특별시 마포구 성암로 189 중소기업 DMC 타워 4층 (주)벤처포트 (상암동),126.8979225,37.57675376
432,창업보육센터,서울여자대학교 창업보육센터,서울특별시 노원구 화랑로 621 서울여자대학교 고명우기념관 312호 창업보육센터 행정실,127.0908545,37.62907667
433,창업보육센터,에코파이버 창업보육센터,전라북도 익산시 서동로 594 에코융합섬유연구원 에코파이버 창업보육센터 (석암동),127.0096764,35.95065549
434,창업보육센터,천연소재실용화 창업보육센터,전라남도 장흥군 장흥읍 산단1로 50 천연자원연구원 창업보육센터,126.9337135,34.68873635
435,창업보육센터,르호봇 창업보육센터,서울특별시 송파구 백제고분로37길 6 2~4층 르호봇창업보육센터 (석촌동),127.1038447,37.50418797
436,창업보육센터,상명대학교 창업보육센터,충청남도 천안시 동남구 상명대길 31 상명대학교 천안캠퍼스 산학렵력관 M310호 창업보육센터 (안서동),127.177866,36.83402983
437,창업보육센터,협성대학교 창업보육센터,경기도 화성시 봉담읍 최루백로 72 협성대학교 산학협력관,126.9527842,37.21313819
438,창업보육센터,중원대학교 창업보육센터,충청북도 괴산군 괴산읍 문무로 85 중원대학교 산학협력단 401호,127.7999809,36.82031611
439,창업보육센터,여주대학교 창업보육센터,경기도 여주시 세종로 338 여주대학교 여암학술관 4층 창업보육센터,127.6323645,37.2692923
440,창업보육센터,디자인비즈니스스튜디오,대전광역시 유성구 테크노8로 49 한국디자인진흥원 디자인비즈니스스튜디오 (용산동),127.4034936,36.42253256
441,창업보육센터,S-INNOVATION센터,서울특별시 관악구 관악로 1 서울대 연구공원본관 311호,126.9594984,37.46584372
442,창업보육센터,한국영상대학교 창업보육센터,세종특별자치시 장군면 대학길 300 한국영상대학교 진리관 창업보육센터,127.210644,36.46223144
443,창업보육센터,출판지식창업보육센터,서울특별시 마포구 월드컵북로 400 문화콘텐츠센터 5층(상암동),126.8899672,37.58045871
444,창업보육센터,청년 ICT 창업성장센터,대구광역시 북구 구암로 51 (관음동),128.5993907,35.86997152
445,창업보육센터,경복대학교 창업보육센터,경기도 남양주시 진접읍 경복대로 425 경복대학교 충효관 창업보육센터,127.2107163,37.73555859
446,창업보육센터,경기테크노파크 안산창업보육센터,경기도 안산시 단원구 연수원로 104-14 안산정보산업진흥센터,126.8012389,37.32170936
447,창업보육센터,바이오플렉스(Bio Plex) 창업보육센터,전라북도 전주시 덕진구 원장동길 111-18 (장동)452-32,127.0601326,35.85044451
448,창업보육센터,전남환경산업진흥원창업보육센터,전라남도 강진군 성전면 강진산단로1길 1 환경산업진흥원,126.7358656,34.67954404
449,창업보육센터,(재)바이오21센터 창업보육센터,경상남도 진주시 문산읍 월아산로 991 진주바이오산업진흥원 창업보육센터,128.1629763,35.16029351
450,창업보육센터,제주첨단과학기술단지 인큐베이팅큐브,제주특별자치도 제주시 첨단로 213-4 (영평동) 제주첨단과학기술단지 엘리트빌딩 지하 1층 (영평동),126.5725971,33.45290736
451,창업보육센터,전남도립대학교 창업보육센터,전라남도 담양군 담양읍 죽녹원로 152 ,126.9903765,35.32763568
452,창업보육센터,TIPS타운 ,"서울특별시 강남구 역삼로 (역삼로 )165, 169, 175, 156",127.0371307,37.49547901
453,창업보육센터,대전보건대학교 창업보육센터,"대전광역시 동구 충정로 21, 6동 6408호 (가양동) 6동 6408호",127.455899,36.35049618
454,창업보육센터,BLUE BI,서울특별시 서초구 남부순환로319길 13 (서초동),127.0112043,37.48076184
455,창업보육센터,로봇창업보육센터,경상남도 창원시 마산회원구 내서읍 광려천남로 59 6층,128.5112398,35.24631719
456,창업보육센터,한국로봇산업진흥원 창업보육센터,"대구광역시 북구 노원로 77 (노원동3가) , 75 한국로봇산업진흥원 창업보육센터",128.5703633,35.89488822
457,창업보육센터,대덕대학교 창업보육센터,대전광역시 유성구 가정북로 68 (장동) 대덕대학교 창업보육센터,127.3674448,36.39083999
458,창업보육센터,충북대학교 미래융합 T-팩토리,"충청북도 청주시 청원구 오창읍 중심상업2로 48, 충북융합기술창업보육센터(Blue POST BI) 충북대학교 미래융합T-팩토리 207호 행정실",127.4334958,36.71466046
459,창업선도대학,강원대학교 (사관학교형),강원도 춘천시 강원대학길1 (효자동) 강원대학교 보듬관303호창업지원단,127.738234,37.86903817
460,창업선도대학,건국대학교 (일반형),서울특별시 광진구 능동로 120 (화양동) 건국대학교 창의관 210호 창업지원단,127.0815426,37.54095285
461,창업선도대학,경기대학교(사관학교형),경기도 수원시 영통구 광교산로 154-42 경기대학교 한우리관 402호 창업지원단,127.0346947,37.30142673
462,창업선도대학,경일대학교 (사관학교형),경상북도 경산시 하양읍 가마실길 50 경일대학교 창업지원단 2층,128.8014648,35.90902116
463,창업선도대학,계명대학교 (사관학교형),대구광역시 남구 명덕로 104번지 계명대학교 감부열관 202호 창업지원단,128.5795537,35.85520293
464,창업선도대학,단국대학교 (일반형),경기도 용인시 수지구 죽전로 152번지 단국대학교 창업지원단,127.1277804,37.32073507
465,창업선도대학,동국대학교 (일반형),서울특별시 중구 퇴계로 36길 2 (필동2가 82-1) 동국대학교 충무로관 본관 802호 창업지원단,126.9937468,37.56026897
466,창업선도대학,동아대학교 (사관학교형),부산광역시 사하구 낙동대로 550번길 37 동아대학교 산학연구관 308호 창업지원단,128.9696019,35.11727652
467,창업선도대학,순천향대학교 (일반형),충청남도 아산시 신창면 순천향로 22 순천향대학교 공학관 9226호 창업지원단,126.9321572,36.76930848
468,창업선도대학,연세대학교 (사관학교형),서울특별시 서대문구 연세로 50 연세대학교 공학원 211호 창업지원단,126.9354639,37.56089796
469,창업선도대학,영남이공대학교 (일반형),대구광역시 남구 현충로 170 번지 (대명동) 영남이공대학교 창업지원센터 5층,128.584134,35.8461807
470,창업선도대학,원광대학교(사관학교형),전라북도 익산시 익산대로 460 원광대학교 창업지원단,126.9608744,35.9709995
471,창업선도대학,인덕대학교 (사관학교형),서울특별시 노원구 초안산로 12 인덕대학교 제1공학관 4층 창업지원단,127.0542317,37.63209497
472,창업선도대학,인천대학교 (사관학교형),인천광역시 연수구 갯벌로 12 인천테크노파크 미추홀타워 별관 A동 504호 창업지원단,126.6545284,37.38208301
473,창업선도대학,전주대학교 (사관학교형),전라북도 전주시 완산구 천잠로 303번지 전주대학교 대학본관 1층 106호 창업지원단,127.0871764,35.80953781
474,창업선도대학,제주대학교 (일반형),"제주특별자치도 제주시 제주대학로 102 (아라일동, 제주대학교) 공과대학 3호관 105호 창업지원단",126.5652978,33.45646134
475,창업선도대학,조선대학교 (일반형),광주광역시 동구 필문대로 309 조선대학교 본관 남쪽 2F 창업지원단 행정실,126.925772,35.14097109
476,창업선도대학,충북대학교(사관학교형),충북 청주시 서원구 내수동로52 (개신동) 충북대학교 학연산공동기술연구원 204호 창업지원단,127.4571535,36.6251534
477,창업선도대학,한국산업기술대학교(사관학교형),경기도 시흥시 산기대학로 237 (정왕동) 한국산업기술대학교 TIP 316호 창업지원단,126.7335395,37.34030868
478,창업선도대학,한남대학교 (사관학교형),대전광역시 대덕구 한남로 70 한남대학교 33호관 창업지원단,127.4186052,36.35543139
479,창업선도대학,호서대학교 (사관학교형),충청남도 아산시 배방읍 호서로 79번길 20 호서대학교 벤처창조융합관 304호 창업지원단,127.0772799,36.73621136
480,창업선도대학,경성대학교(사관학교형),부산광역시 남구 수영로 309 (대연동),129.0981693,35.13990482
481,창업선도대학,국민대학교 (일반형),서울특별시 성북구 정릉로 77 국민대학교？,126.9969647,37.61087562
482,창업선도대학,부경대학교(사관학교형),부산광역시 남구 용소로 45 ,129.106243,35.13477229
483,창업선도대학,순천대학교(일반형),전라남도 순천시 중앙로 255 (석현동),127.4800365,34.96965812
484,창업선도대학,전북대학교 (일반형),전북 전주시 덕진구 백제대로 567 ,127.129359,35.846857
485,창업선도대학,한국교통대학교 (일반형),충청북도 충주시 대학로 50 ,127.8721693,36.97056636
486,창업선도대학,한밭대학교 (일반형),대전광역시 유성구 동서대로 125 (덕명동),127.3006368,36.35079842
487,창업선도대학,가톨릭관동대학교(사관학교형),강원도 강릉시 범일로 579번길 24 ,128.8772155,37.738227
488,창업선도대학,대구대학교(사관학교형),경상북도 경산시 진량읍 내리리 15 ,128.8491,35.901049
489,창업선도대학,동서대학교(일반형),부산광역시 사상구 주례2동 산69-1 ,129.00845,35.1449821
490,창업선도대학,성균관대학교(일반형),경기도 수원시 장안구 서부로 2066 ,126.9746545,37.2933638
491,창업선도대학,숭실대학교(일반형),"서울 동작구 상도 369 숭실대학교 벤처중소기업센터 106호(산학협력팀, 연구기획팀), 111호(연구지원팀)",126.957596,37.4973728
492,창업선도대학,창원대학교(일반형),경상남도 창원시 의창구 사림동 501-20 ,128.6861282,35.2440617
493,창업선도대학,서울과학기술대학교(일반형),서울특별시 노원구 공릉로 232,127.0767886,37.63307803
494,창업선도대학,성신여자대학교(일반형),서울특별시 성북구  보문로 34다길 2,127.0221474,37.59164644
495,창업선도대학,한양대학교(사관학교형),서울특별시 성동구 왕십리로 222,127.048225,37.55827484
496,창업선도대학,가천대학교(일반형),경기도 성남시 수정구 성남대로 1342,127.1293922,37.45122847
497,창업선도대학,충남대학교(일반형),대전광역시 유성구 대학로 99,127.3420001,36.36836824
498,창업선도대학,광주대학교(일반형),광주광역시 남구 효덕로 277,126.896136,35.10868046
499,창업선도대학,부산대학교(일반형),부산광역시 금정구 부산대학로 63번길 2,129.083818,35.23224147
500,창업선도대학,울산대학교(사관학교형),울산광역시 남구 대학로 93,129.257582,35.54187555
501,청년창업사관학교,청년창업사관학교,경기도 안산시 단원구 연수원로 87 중소기업연수원 내,126.7977227,37.321352
502,청년창업사관학교,호남 청년창업사관학교,광주광역시 북구 동문대로 456번길 40 호남연수원 내,126.9379865,35.20413608
503,청년창업사관학교,대구경북 청년창업사관학교,경상북도 경산시 경청로 222길 86 대구경북연수원 내,128.7472143,35.80019916
504,청년창업사관학교,부산경남 청년창업사관학교,경상남도 창원시 진해구 남영로 473번길 22 부산경남연수원 내,128.7785658,35.11268793
505,청년창업사관학교,충남 청년창업사관학교,충청남도 천안시 서북구 직산읍 직산로 136 충남테크노파크내 정보영상융합센터 연구동 6층,127.1585526,36.88373496
506,스마트벤처캠퍼스,(주)옴니텔,서울특별시 구로구 구로동 212-8번지 대륭포스트타워 1차 3층,126.8954149,37.48365338
507,스마트벤처캠퍼스,대전문화산업진흥원,대전광역시 유성구 대덕대로 512번길 20 ,127.3794886,36.37831212
508,스마트벤처캠퍼스,경북대학교 산학협력단,대구광역시 동구 동대구로 467 ,128.6247854,35.87212231
509,스마트벤처캠퍼스,울산대학교 산학협력단,울산광역시 남구 옥현로 129 울산벤처빌딩,129.2634751,35.54757694
510,스마트벤처캠퍼스,인천경제산업 정보테크노파크,인천광역시 연수구 갯벌로 12 (송도동) ,126.6558248,37.3825373
511,스마트벤처캠퍼스,대전창조경제혁신센터,대전 유성구 대학로291 KAIST 나노종합기술원 9F,127.3569591,36.36827943
512,스마트벤처캠퍼스,부산정보산업진흥원,부산광역시 해운대구 센텀동로41 부산정보산업진흥원 (우2동 1475번지),129.1307168,35.17285038
513,창조경제혁신센터,대전창조경제혁신센터,대전광역시 유성구 대학로 291 KAIST(W8동) 3층,127.3599031,36.36999634
514,창조경제혁신센터,대구창조경제혁신센터,대구광역시 동구 동대구로 489 (신청동) 대구무역관 1·3층 대구창조경제혁신센터,128.6248112,35.87420134
515,창조경제혁신센터,경북창조경제혁신센터,경상북도 구미시 구미대로 350-27  모바일융합센터 2층,128.3658926,36.11913717
516,창조경제혁신센터,광주창조경제혁신센터,광주광역시 북구 첨단과기로 123 광주과학기술원 1층,126.8409065,35.22775295
517,창조경제혁신센터,전북창조경제혁신센터,"전라북도 전주시 완산구 홍산로 245 서광빌딩 1,2층",127.1054959,35.81557059
518,창조경제혁신센터,충북창조경제혁신센터,충청북도 청주시 청원구 오창읍 각리 1길 97 ,127.430972,36.70667219
519,창조경제혁신센터,부산창조경제혁신센터,부산시 해운대구 센텀중앙로 78 센텀그린타원 3층,129.1267951,35.17471036
520,창조경제혁신센터,경기창조경제혁신센터,"성남시 분당구 삼평동 629 판교테크노벨리내 공공지원센터 1, 5층",127.1048645,37.40034081
521,창조경제혁신센터,경남창조경제혁신센터,경상남도 창원시 의창구 창원대로 18번길 46 경남창원과학기술긴흥원 2층,128.6034864,35.25231265
522,창조경제혁신센터,인천창조경제혁신센터,인천 연수구 갯벌로 12 미추홀타워 7층(송도동),126.6544485,37.3820559
523,창조경제혁신센터,강원창조경제혁신센터,"강원도 춘천시 강원대학길1 강원대학교 한빛관, 보듬관 2층",127.7445075,37.869246
524,창조경제혁신센터,충남창조경제혁신센터,충청남도 아산시 배방읍 희망로 100 2층(천안아산역사) 천안아산KTX역사 창조경제혁신센터,127.104365,36.795252
525,창조경제혁신센터,전남창조경제혁신센터,전라남도 여수시 덕충 2길 32 (덕충동) 전남창조경제혁신센터,127.737679,34.754638
526,창조경제혁신센터,제주창조경제혁신센터,제주특별자치도 제주시 중앙로 217 (이도이동) 제주벤처마루 3~4F,126.530035,33.500315
527,창조경제혁신센터,포항창조경제혁신센터,경상북도 포항시 남구 효자동 산31 포스텍 융합연구동(C5동),129.321543,36.012122
528,창조경제혁신센터,세종창조경제혁신센터,세종특별자치시 대첩로 32 세종창조경제혁신센터,127.292648,36.5959927
529,창조경제혁신센터,서울창조경제혁신센터,서울특별시 종로구 세종대로 178 서울창조경제혁신센터,126.977958,37.572118
530,창조경제혁신센터,울산창조경제혁신센터,울산 남구 대학로 93 울산대 공학 5호관(2층),129.2561333,35.5437482
531,창조경제혁신센터,빛가람창조경제혁신센터,전남 나주시 우정로 10 지식산업센터 사동2층,126.782025,35.024726
532,스타트업캠퍼스,스타트업캠퍼스,경기 성남시 분당구 삼평동 694,127.1060776,37.40364197
533,D.CAMP,은행권청년창업재단,"서울특별시 강남구 역삼동 683-34 새롬빌딩 2,4,5,6층",127.0451473,37.5078628
